{
  "_format": "hh-sol-cache-2",
  "files": {
    "C:\\blockchain-project\\mayareshtawiFINAL\\backend\\contracts\\Lock.sol": {
      "lastModificationDate": 1760451647577,
      "contentHash": "348f90ed3011ece72d6bc5772f0f81d2",
      "sourceName": "contracts/Lock.sol",
      "solcConfig": {
        "version": "0.8.0",
        "settings": {
          "optimizer": {
            "enabled": false,
            "runs": 200
          },
          "outputSelection": {
            "*": {
              "*": [
                "abi",
                "evm.bytecode",
                "evm.deployedBytecode",
                "evm.methodIdentifiers",
                "metadata"
              ],
              "": [
                "ast"
              ]
            }
          }
        }
      },
      "imports": [],
      "versionPragmas": [
        "^0.8.0"
      ],
      "artifacts": [
        "Lock"
      ]
    },
    "C:\\blockchain-project\\mayareshtawiFINAL\\backend\\contracts\\finalRegistry.sol": {
      "lastModificationDate": 1760606338044,
      "contentHash": "429224ea5d6ba9f7fec1234408dd9a23",
      "sourceName": "contracts/finalRegistry.sol",
      "solcConfig": {
        "version": "0.8.0",
        "settings": {
          "optimizer": {
            "enabled": false,
            "runs": 200
          },
          "outputSelection": {
            "*": {
              "*": [
                "abi",
                "evm.bytecode",
                "evm.deployedBytecode",
                "evm.methodIdentifiers",
                "metadata"
              ],
              "": [
                "ast"
              ]
            }
          }
        }
      },
      "imports": [],
      "versionPragmas": [
        "^0.8.0"
      ],
      "artifacts": [
        "MayarRegistry"
      ]
    }
  }
}
